{"cameraMode":{"drawMode":0,"name":"Shaded","section":"Shading Mode"},"sceneLighting":true,"audioPlay":false,"sceneViewState":{"showFog":true,"showMaterialUpdate":true,"showSkybox":true,"showFlares":true,"showImageEffects":true,"showParticleSystems":true},"in2DMode":false,"pivot":{"x":2.756375551223755,"y":1.4218637943267823,"z":-8.804018020629883},"rotation":{"x":-0.005531192757189274,"y":-0.9934037327766419,"z":0.10107649117708206,"w":-0.05426671728491783},"size":1.5709831714630128,"orthographic":false}